Username,Password,FName,LNAME,Role
ibrahimbasit@gmail.com,ibrahim123,Ibrahim,Basit,F
haidernaqvi@gmail.com,haider123,Haider,Naqvi,A
23I-0000,shujaan123,Shujaan,Azhar,S
22I-0001,ibrahim123,Ibrahim,Basit,S
19I-0002,haider123,Haider,Naqvi,S
20I-0003,pass123,John,Doe,S
22I-0004,smith456,Jane,Smith,S
18I-0005,david789,David,Johnson,S
21I-0006,topsecret012,Emily,Williams,S
22I-0007,confidential345,Michael,Brown,S
19I-0008,hidden678,Sarah,Miller,S
21I-0009,private901,Chris,Anderson,S
23I-0010,classified234,Amy,Wilson,S
20I-0011,encrypted567,Kevin,Taylor,S
22I-0012,secluded890,Laura,Jones,S
21I-0013,unknown123,Mark,Davis,S
18I-0014,restricted456,Olivia,Lee,S
19I-0015,obscure789,Ryan,Clark,S
23I-0016,masked012,Emma,Hall,S
20I-0017,unseen345,Nathan,Allen,S
22I-0018,covert678,Grace,Young,S
21I-0019,disguised901,Joshua,Green,S
23I-0020,undercover234,Lily,Lopez,S
22I-0021,unrevealed567,Ethan,Hernandez,S
18I-0022,secretive890,Ava,Gonzalez,S
19I-0023,mysterious123,Noah,King,S
21I-0024,confined456,Anna,Martin,S
20I-0025,undisclosed789,Aiden,Wright,S
23I-0026,veiled012,Sophia,Harris,S
21I-0027,anonymous345,Lucas,Turner,S
20I-0028,clandestine678,Aria,Phillips,S
19I-0029,hidden567,Dylan,Thomas,S
22I-0030,private890,Mia,Baker,S
23I-0031,classified123,Liam,Roberts,S
18I-0032,encrypted456,Zoe,Ross,S
21I-0033,topsecret789,James,Campbell,S
22I-0034,secret345,Chloe,Nelson,S
19I-0035,obscure678,Mason,Carter,S
23I-0036,unknown901,Isabella,Murphy,S
20I-0037,disguised234,Logan,Cooper,S
18I-0038,undercover567,Hannah,Rivera,S
22I-0039,mysterious890,Jack,Morgan,S
19I-0040,unseen123,Sofia,Brooks,S
21I-0041,veiled456,Lincoln,Ward,S
20I-0042,unrevealed789,Mila,Foster,S
18I-0043,confidential345,Elijah,Gray,S
23I-0044,masked678,Avery,Kelly,S
21I-0045,hidden901,Landon,Perry,S
22I-0046,private234,Scarlett,Bell,S
20I-0047,classified567,Levi,Cook,S
19I-0048,encrypted890,Victoria,Murphy,S
23I-0049,secret123,Daniel,Rivera,S
18I-0050,topsecret456,Grace,Ward,S
21I-0051,adam789,Adam,Brooks,S
19I-0052,sophie456,Sophie,Walker,S
22I-0053,oliver789,Oliver,Cooper,S
23I-0054,emily123,Emily,Miller,S
18I-0055,benjamin456,Benjamin,Morgan,S
20I-0056,isabelle789,Isabelle,Carter,S
21I-0057,nathan123,Nathan,Smith,S
22I-0058,samantha456,Samantha,Johnson,S
23I-0059,william789,William,Lee,S
19I-0060,zoe123,Zoe,Harris,S
21I-0061,jacob456,Jacob,Wilson,S
18I-0062,natalie789,Natalie,Young,S
20I-0063,david123,David,Scott,S
22I-0064,sarah456,Sarah,Roberts,S
23I-0065,andrew789,Andrew,King,S
19I-0066,abigail123,Abigail,Hall,S
21I-0067,ryan456,Ryan,Rodriguez,S
18I-0068,sophie123,Sophie,Turner,S
23I-0069,alexander456,Alexander,Jackson,S
20I-0070,lily789,Lily,Williams,S
22I-0071,matthew123,Matthew,Walker,S
21I-0072,emily456,Emily,Johnson,S
18I-0073,dylan789,Dylan,Parker,S
19I-0074,violet123,Violet,Morgan,S
23I-0075,ryan456,Ryan,Murphy,S
20I-0076,amelia789,Amelia,Adams,S
21I-0077,david123,David,Harris,S
19I-0078,isabella456,Isabella,Smith,S
22I-0079,noah789,Noah,Collins,S
18I-0080,sophia123,Sophia,Hall,S
23I-0081,aiden456,Aiden,Miller,S
21I-0082,scarlett789,Scarlett,White,S
20I-0083,owen123,Owen,Parker,S
19I-0084,grace456,Grace,Adams,S
22I-0085,jacob789,Jacob,Rodriguez,S
23I-0086,sophia123,Sophia,Lopez,S
21I-0087,nathan456,Nathan,Wilson,S
18I-0088,zoe789,Zoe,Martin,S
20I-0089,lucas123,Lucas,Cooper,S
22I-0090,emily456,Emily,Turner,S
19I-0091,henry789,Henry,Morgan,S
23I-0092,chloe123,Chloe,Parker,S
21I-0093,ethan456,Ethan,Adams,S
18I-0094,isabelle789,Isabelle,Murphy,S
22I-0095,jackson123,Jackson,Collins,S
20I-0096,olivia456,Olivia,Lopez,S
19I-0097,noah789,Noah,Thompson,S
23I-0098,mia123,Mia,Long,S
21I-0099,levi456,Levi,Rodriguez,S
18I-0100,abigail789,Abigail,Turner,S
22I-0101,dylan789,Dylan,Campbell,S
23I-0102,sophie123,Sophie,Watson,S
19I-0103,jacob456,Jacob,Bell,S
21I-0104,zoe789,Zoe,Harrison,S
20I-0105,lucas123,Lucas,Price,S
18I-0106,emily456,Emily,Wright,S
22I-0107,harry789,Harry,Johnson,S
23I-0108,olivia123,Olivia,Morgan,S
19I-0109,noah123,Noah,Collins,S
21I-0110,zoe123,Zoe,Parker,S
20I-0111,chloe123,Chloe,Watson,S
18I-0112,ethan123,Ethan,Adams,S
22I-0113,sarah456,Sarah,Brown,S
23I-0114,owen789,Owen,Carter,S
19I-0115,amelia123,Amelia,Lewis,S
21I-0116,liam456,Liam,Jones,S
20I-0117,hannah789,Hannah,Hall,S
18I-0118,daniel123,Daniel,Stewart,S
23I-0119,grace789,Grace,Adams,S
21I-0120,noah456,Noah,Collins,S
22I-0121,emily123,Emily,Turner,S
19I-0122,henry789,Henry,Miller,S
20I-0123,chloe456,Chloe,Roberts,S
18I-0124,ethan789,Ethan,Jackson,S
23I-0125,isabella123,Isabella,White,S
21I-0126,jackson789,Jackson,Murphy,S
22I-0127,olivia123,Olivia,Rodriguez,S
19I-0128,noah456,Noah,Thompson,S
20I-0129,mia789,Mia,Morgan,S
18I-0130,levi123,Levi,Walker,S
23I-0131,abigail789,Abigail,Turner,S
21I-0132,dylan123,Dylan,Bell,S
22I-0133,sophie789,Sophie,Watson,S
19I-0134,jacob123,Jacob,Turner,S
20I-0135,zoe789,Zoe,Harris,S
18I-0136,lucas123,Lucas,Price,S
23I-0137,emily789,Emily,Wright,S
21I-0138,harry123,Harry,Johnson,S
22I-0139,olivia789,Olivia,Morgan,S
19I-0140,noah123,Noah,Collins,S
20I-0141,zoe789,Zoe,Parker,S
18I-0142,chloe123,Chloe,Watson,S
23I-0143,ethan123,Ethan,Adams,S
21I-0144,isabelle789,Isabella,Murphy,S
22I-0145,jackson123,Jackson,Collins,S
19I-0146,olivia789,Olivia,Lopez,S
20I-0147,noah123,Noah,Thompson,S
18I-0148,mia789,Mia,Long,S
23I-0149,levi789,Levi,Rodriguez,S
21I-0150,abigail123,Abigail,Turner,S
22I-0151,dylan789,Dylan,Campbell,S
19I-0152,sophie456,Sophie,Watson,S
20I-0153,jacob789,Jacob,Bell,S
18I-0154,zoe123,Zoe,Harrison,S
23I-0155,lucas789,Lucas,Price,S
21I-0156,emily789,Emily,Wright,S
22I-0157,emily456,Emily,Collins,S
19I-0158,jack789,Jack,Roberts,S
20I-0159,mia123,Mia,Lopez,S
18I-0160,nathan456,Nathan,Hall,S
23I-0161,isabella789,Isabella,Thomas,S
21I-0162,jacob123,Jacob,Harris,S
22I-0163,olivia456,Olivia,Stewart,S
19I-0164,noah789,Noah,Green,S
20I-0165,chloe123,Chloe,Turner,S
18I-0166,ethan456,Ethan,Jackson,S
23I-0167,sophia789,Sophia,Morris,S
21I-0168,liam123,Liam,White,S
22I-0169,emily123,Emily,Young,S
19I-0170,jack456,Jack,Morgan,S
20I-0171,mia789,Mia,Lopez,S
18I-0172,nathan123,Nathan,Allen,S
23I-0173,isabella456,Isabella,Thompson,S
21I-0174,jacob789,Jacob,Harris,S
22I-0175,olivia123,Olivia,Stewart,S
19I-0176,noah456,Noah,Green,S
20I-0177,chloe789,Chloe,Turner,S
18I-0178,ethan123,Ethan,Jackson,S
23I-0179,sophie456,Sophia,Morris,S
21I-0180,liam789,Liam,White,S
22I-0181,hannah123,Hannah,Rodriguez,S
19I-0182,daniel456,Daniel,Clark,S
20I-0183,emily789,Emily,Brown,S
18I-0184,jack123,Jack,Roberts,S
23I-0185,mia456,Mia,Lopez,S
21I-0186,nathan789,Nathan,Hall,S
22I-0187,isabella456,Isabella,Thomas,S
19I-0188,jacob789,Jacob,Harris,S
20I-0189,olivia456,Olivia,Stewart,S
18I-0190,noah789,Noah,Green,S
23I-0191,chloe456,Chloe,Turner,S
21I-0192,ethan789,Ethan,Jackson,S
22I-0193,sophie456,Sophia,Morris,S
19I-0194,liam789,Liam,White,S
20I-0195,hannah456,Hannah,Rodriguez,S
18I-0196,daniel789,Daniel,Clark,S
23I-0197,emily123,Emily,Campbell,S
21I-0198,jack456,Jack,Turner,S
22I-0199,mia789,Mia,Morgan,S
19I-0200,nathan123,Nathan,Baker,S
20I-0201,isabella456,Isabella,Green,S
18I-0202,jacob789,Jacob,Davis,S
23I-0203,olivia123,Olivia,Carter,S
21I-0204,noah456,Noah,Stewart,S
22I-0205,chloe789,Chloe,Clark,S
19I-0206,ethan123,Ethan,Adams,S
20I-0207,sophia456,Sophia,Wilson,S
18I-0208,liam789,Liam,Robinson,S
23I-0209,hannah123,Hannah,Harris,S
21I-0210,daniel789,Daniel,Miller,S
22I-0211,emily123,Emily,Jackson,S
19I-0212,jack456,Jack,Parker,S
20I-0213,mia789,Mia,Hall,S
18I-0214,nathan123,Nathan,Adams,S
23I-0215,alikhan123,Ali,Khan,S
21I-0216,saraali456,Sara,Ali,S
22I-0217,ahmedhussain789,Ahmed,Hussain,S
19I-0218,maryamkhan123,Maryam,Khan,S
20I-0219,umerali456,Umer,Ali,S
18I-0220,hinaahmed789,Hina,Ahmed,S
23I-0221,farhansaeed123,Farhan,Saeed,S
21I-0222,zainabkhan456,Zainab,Khan,S
22I-0223,asadhassan789,Asad,Hassan,S
19I-0224,sadiaali123,Sadia,Ali,S
20I-0225,arhamhussain456,Arham,Hussain,S
18I-0226,ayeshakhan789,Ayesha,Khan,S
23I-0227,saadahmed123,Saad,Ahmed,S
21I-0228,zoyakhan456,Zoya,Khan,S
22I-0229,abdullahali789,Abdullah,Ali,S
19I-0230,hibahassan123,Hiba,Hassan,S
20I-0231,shahidahmed456,Shahid,Ahmed,S
18I-0232,sumairakhan789,Sumaira,Khan,S
23I-0233,ahsanali123,Ahsan,Ali,S
21I-0234,anamhussain456,Anam,Hussain,S
22I-0235,bilalkhan789,Bilal,Khan,S
19I-0236,sadiahassan123,Sadia,Hassan,S
20I-0237,hamzaali456,Hamza,Ali,S
18I-0238,sanaahmed789,Sana,Ahmed,S
23I-0239,usmankhan123,Usman,Khan,S
21I-0240,nimrahassan456,Nimra,Hassan,S
22I-0241,asadsaeed789,Asad,Saeed,S
19I-0242,mahamali123,Maham,Ali,S
23I-0243,kashifhussain456,Kashif,Hussain,S
21I-0244,saimakhan789,Saima,Khan,S
22I-0245,razaahmed123,Raza,Ahmed,S
20I-0246,areebakhan456,Areeba,Khan,S
18I-0247,yasirali789,Yasir,Ali,S
23I-0248,naziahassan123,Nazia,Hassan,S
22I-0249,wajahatahmed456,Wajahat,Ahmed,S
21I-0250,samrakhan789,Samra,Khan,S
20I-0251,farazhussain123,Faraz,Hussain,S
18I-0252,noorali456,Noor,Ali,S
23I-0253,alikhan123,Ali,Khan,S
21I-0254,saraali456,Sara,Ali,S
19I-0255,ahmedhussain789,Ahmed,Hussain,S
20I-0256,maryamkhan123,Maryam,Khan,S
22I-0257,umerali456,Umer,Ali,S
18I-0258,hinaahmed789,Hina,Ahmed,S
23I-0259,farhansaeed123,Farhan,Saeed,S
19I-0260,zainabkhan456,Zainab,Khan,S
21I-0261,asadhassan789,Asad,Hassan,S
20I-0262,sadiaali123,Sadia,Ali,S
18I-0263,arhamhussain456,Arham,Hussain,S
23I-0264,ayeshakhan789,Ayesha,Khan,S
21I-0265,saadahmed123,Saad,Ahmed,S
19I-0266,zoyakhan456,Zoya,Khan,S
20I-0267,abdullahali789,Abdullah,Ali,S
22I-0268,hibahassan123,Hiba,Hassan,S
18I-0269,shahidahmed456,Shahid,Ahmed,S
23I-0270,sumairakhan789,Sumaira,Khan,S
19I-0271,ahsanali123,Ahsan,Ali,S
21I-0272,anamhussain456,Anam,Hussain,S
20I-0273,bilalkhan789,Bilal,Khan,S
22I-0274,sadiahassan123,Sadia,Hassan,S
18I-0275,hamzaali456,Hamza,Ali,S
23I-0276,sanaahmed789,Sana,Ahmed,S
21I-0277,usmankhan123,Usman,Khan,S
19I-0278,nimrahassan456,Nimra,Hassan,S
20I-0279,asadsaeed789,Asad,Saeed,S
22I-0280,mahamali123,Maham,Ali,S
18I-0281,kashifhussain456,Kashif,Hussain,S
23I-0282,saimakhan789,Saima,Khan,S
21I-0283,razaahmed123,Raza,Ahmed,S
19I-0284,areebakhan456,Areeba,Khan,S
20I-0285,yasirali789,Yasir,Ali,S
22I-0286,naziahassan123,Nazia,Hassan,S
18I-0287,wajahatahmed456,Wajahat,Ahmed,S
23I-0288,samrakhan789,Samra,Khan,S
21I-0289,Password,FName,LNAME,Role
19I-0290,farazhussain123,Faraz,Hussain,S
20I-0291,noorkhan456,Noor,Khan,S
22I-0292,sabahahmed789,Sabah,Ahmed,S
18I-0293,naeemali123,Naeem,Ali,S
23I-0294,aishahussain789,Aisha,Hussain,S
21I-0295,waqarahmed123,Waqar,Ahmed,S
19I-0296,zubaidakhan456,Zubaida,Khan,S
20I-0297,wasiqali789,Wasiq,Ali,S
22I-0298,sadiahussain123,Sadia,Hussain,S
18I-0299,uzairkhan456,Uzair,Khan,S
23I-0300,wafaahmed789,Wafa,Ahmed,S
21I-0301,faisalali123,Faisal,Ali,S
19I-0302,zarahussain456,Zara,Hussain,S
20I-0303,ahsankhan789,Ahsan,Khan,S
22I-0304,aminaahmed123,Amina,Ahmed,S
18I-0305,talhaali456,Talha,Ali,S
23I-0306,samreenhussain789,Samreen,Hussain,S
21I-0307,saadkhan123,Saad,Khan,S
19I-0308,shaziaahmed456,Shazia,Ahmed,S
20I-0309,hamidali789,Hamid,Ali,S
22I-0310,sanahussain123,Sana,Hussain,S
18I-0311,nomankhan456,Noman,Khan,S
23I-0312,saimaahmed789,Saima,Ahmed,S
21I-0313,adilali123,Adil,Ali,S
19I-0314,mahnoorhussain456,Mahnoor,Hussain,S
20I-0315,mohsinkhan789,Mohsin,Khan,S
22I-0316,rumaisaali123,Rumaisa,Ali,S
18I-0317,bilalahmed789,Bilal,Ahmed,S
23I-0318,safiakhan456,Safia,Khan,S
21I-0319,arifahmed789,Arif,Ahmed,S
19I-0320,farahali123,Farah,Ali,S
20I-0321,saifhussain789,Saif,Hussain,S
22I-0322,nidakhan123,Nida,Khan,S
18I-0323,irfanahmed789,Irfan,Ahmed,S
23I-0324,asmaali123,Asma,Ali,S
21I-0325,farhanhussain456,Farhan,Hussain,S
19I-0326,ayeshakhan123,Ayesha,Khan,S
20I-0327,ahmedsaeed456,Ahmed,Saeed,S
22I-0328,sabaali789,Saba,Ali,S
18I-0329,umarhussain123,Umar,Hussain,S
23I-0330,zainabaslam456,Zainab,Aslam,S
21I-0331,kamranali789,Kamran,Ali,S
19I-0332,sadiamalik123,Sadia,Malik,S
20I-0333,nabeelkhan456,Nabeel,Khan,S
22I-0334,saraahmed789,Sara,Ahmed,S
18I-0335,usmanhassan123,Usman,Hassan,S
23I-0336,anayaali456,Anaya,Ali,S
21I-0337,saqibkhan789,Saqib,Khan,S
19I-0338,saimanawaz123,Saima,Nawaz,S
20I-0339,ahmedbashir456,Ahmed,Bashir,S
22I-0340,maryamali789,Maryam,Ali,S
18I-0341,naumanakram123,Nauman,Akram,S
23I-0342,fareehakhan456,Fareeha,Khan,S
21I-0343,asimahmed789,Asim,Ahmed,S
19I-0344,zoyaabbas123,Zoya,Abbas,S
20I-0345,kashifkhan456,Kashif,Khan,S
22I-0346,saranoor789,Sara,Noor,S
18I-0347,abdulrehman123,Abdul,Rehman,S
23I-0348,hiraali456,Hira,Ali,S
21I-0349,asifakhtar789,Asif,Akhtar,S
19I-0350,sadiashah123,Sadia,Shah,S
20I-0351,ahmedaziz456,Ahmed,Aziz,S
22I-0352,ayeshatariq789,Ayesha,Tariq,S
18I-0353,umersaeed123,Umer,Saeed,S
23I-0354,anamkhan456,Anam,Khan,S
21I-0355,muzammilali789,Muzammil,Ali,S
19I-0356,alinahussain123,Alina,Hussain,S
20I-0357,tahirnawaz456,Tahir,Nawaz,S
22I-0358,sabayasin789,Saba,Yasin,S
18I-0359,imrankhan123,Imran,Khan,S
23I-0360,rimshaali456,Rimsha,Ali,S
21I-0361,bilalakram789,Bilal,Akram,S
19I-0362,sadiatariq123,Sadia,Tariq,S
20I-0363,asimkhan456,Asim,Khan,S
22I-0364,mariahassan789,Maria,Hassan,S
18I-0365,saqibali123,Saqib,Ali,S
23I-0366,sumairaaziz456,Sumaira,Aziz,S
19I-0366,umerkhan789,Umer,Khan,S
20I-0367,anayayasin123,Anaya,Yasin,S
22I-0368,adnansaeed456,Adnan,Saeed,S
23I-0369,sanaakhtar789,Sana,Akhtar,S
21I-0370,hassannawaz123,Hassan,Nawaz,S
18I-0371,mahamali456,Maham,Ali,S
19I-0372,raheelkhan789,Raheel,Khan,S
20I-0373,sairaakram123,Saira,Akram,S
22I-0374,kamranhassan456,Kamran,Hassan,S
23I-0375,nidayasin789,Nida,Yasin,S
21I-0376,faisalakhtar123,Faisal,Akhtar,S
18I-0377,asmakhan456,Asma,Khan,S
19I-0378,farhansaeed789,Farhan,Saeed,S
20I-0379,ayeshatariq123,Ayesha,Tariq,S
22I-0380,usmanhussain456,Usman,Hussain,S
23I-0381,saimaabbas789,Saima,Abbas,S
21I-0382,asadali123,Asad,Ali,S
18I-0383,sadianoor456,Sadia,Noor,S
19I-0384,tariqrehman789,Tariq,Rehman,S
20I-0385,anamkhan123,Anam,Khan,S
22I-0386,farazaziz456,Faraz,Aziz,S
23I-0387,zoyatariq789,Zoya,Tariq,S
21I-0388,ahmedsaeed123,Ahmed,Saeed,S
18I-0389,ayeshahassan456,Ayesha,Hassan,S
19I-0390,umerali789,Umer,Ali,S
20I-0391,asmakhan123,Asma,Khan,S
22I-0392,kamranhussain456,Kamran,Hussain,S
23I-0393,saimaaziz789,Saima,Aziz,S
21I-0394,asadakhtar123,Asad,Akhtar,S
18I-0395,nehasharma123,Neha,Sharma,S
19I-0396,akashgupta456,Akash,Gupta,S
20I-0397,priyaverma789,Priya,Verma,S
22I-0398,rohitmishra123,Rohit,Mishra,S
23I-0399,snehajain456,Sneha,Jain,S
21I-0400,aniketsaxena789,Aniket,Saxena,S
18I-0401,divyayadav123,Divya,Yadav,S
19I-0402,amitsharma456,Amit,Sharma,S
20I-0403,pujagupta789,Puja,Gupta,S
22I-0404,saurabhverma123,Saurabh,Verma,S
23I-0405,ishaanbansal456,Ishaan,Bansal,S
21I-0406,kritikashah789,Kritika,Shah,S
18I-0407,mohitmalhotra123,Mohit,Malhotra,S
19I-0408,divyaagarwal456,Divya,Agarwal,S
20I-0409,amanverma789,Aman,Verma,S
22I-0410,priyankasingh123,Priyanka,Singh,S
23I-0411,rahulsharma456,Rahul,Sharma,S
21I-0412,sakshibiswas789,Sakshi,Biswas,S
18I-0413,vishalagrawal123,Vishal,Agrawal,S
19I-0414,tanvisharma456,Tanvi,Sharma,S
20I-0415,deepakgupta789,Deepak,Gupta,S
22I-0416,anushkajain123,Anushka,Jain,S
23I-0417,mayanksingh456,Mayank,Singh,S
21I-0418,akanshaverma789,Akansha,Verma,S
18I-0419,arjunyadav123,Arjun,Yadav,S
19I-0420,ananyasingh456,Ananya,Singh,S
20I-0421,parthsharma789,Parth,Sharma,S
22I-0422,anamikagupta123,Anamika,Gupta,S
23I-0423,deepakmishra456,Deepak,Mishra,S
21I-0424,snehajoshi789,Sneha,Joshi,S
18I-0425,rishabhverma123,Rishabh,Verma,S
19I-0426,kritikayadav456,Kritika,Yadav,S
20I-0427,shreyasharma123,Shreya,Sharma,S
22I-0428,anujgupta456,Anuj,Gupta,S
23I-0429,tanviverma789,Tanvi,Verma,S
21I-0430,ravimishra123,Ravi,Mishra,S
18I-0431,anyajain456,Anya,Jain,S
19I-0432,shubhamsaxena789,Shubham,Saxena,S
20I-0433,poojayadav123,Pooja,Yadav,S
22I-0434,vikassharma456,Vikas,Sharma,S
23I-0435,tanyagupta789,Tanya,Gupta,S
21I-0436,shivamverma123,Shivam,Verma,S
18I-0437,aishabansal456,Aisha,Bansal,S
19I-0438,niharikashah789,Niharika,Shah,S
20I-0439,ayushmalhotra123,Ayush,Malhotra,S
22I-0440,riyaagarwal456,Riya,Agarwal,S
23I-0441,ashishverma789,Ashish,Verma,S
21I-0442,shikhasingh123,Shikha,Singh,S
18I-0443,viveksharma456,Vivek,Sharma,S
19I-0444,navyabiswas789,Navya,Biswas,S
20I-0445,akashagrawal123,Akash,Agrawal,S
22I-0446,ishasharma456,Isha,Sharma,S
23I-0447,neerajgupta789,Neeraj,Gupta,S
21I-0448,shilpajain123,Shilpa,Jain,S
18I-0449,arunsingh456,Arun,Singh,S
19I-0450,kanikabiswas789,Kanika,Biswas,S
20I-0451,adityaagrawal123,Aditya,Agrawal,S
22I-0452,kritisharma456,Kriti,Sharma,S
23I-0453,vishalgupta789,Vishal,Gupta,S
21I-0454,nishajain123,Nisha,Jain,S
18I-0455,abhaysingh456,Abhay,Singh,S
19I-0456,tanishasharma789,Tanisha,Sharma,S
20I-0457,manishmishra123,Manish,Mishra,S
22I-0458,priyankajoshi456,Priyanka,Joshi,S
23I-0459,shubhamverma789,Shubham,Verma,S
21I-0460,aditisharma123,Aditi,Sharma,S
18I-0461,rohangupta456,Rohan,Gupta,S
19I-0462,nidhiverma789,Nidhi,Verma,S
20I-0463,akashmishra123,Akash,Mishra,S
22I-0464,anushkajain456,Anushka,Jain,S
23I-0465,gauravsaxena789,Gaurav,Saxena,S
21I-0466,nainayadav123,Naina,Yadav,S
18I-0467,manishsharma456,Manish,Sharma,S
19I-0468,deepikagupta789,Deepika,Gupta,S
20I-0469,rishabhverma123,Rishabh,Verma,S
22I-0470,parulbansal456,Parul,Bansal,S
23I-0471,neerajshah789,Neeraj,Shah,S
21I-0472,akshaymalhotra123,Akshay,Malhotra,S
18I-0473,aditiagarwal456,Aditi,Agarwal,S
19I-0474,yashverma789,Yash,Verma,S
20I-0475,ananyasingh123,Ananya,Singh,S
22I-0476,manojsharma456,Manoj,Sharma,S
23I-0477,tarabiswas789,Tara,Biswas,S
21I-0478,amitagrawal123,Amit,Agrawal,S
18I-0479,prachisharma456,Prachi,Sharma,S
19I-0480,ashutoshgupta789,Ashutosh,Gupta,S
20I-0481,riajain123,Ria,Jain,S
22I-0482,pankajsingh456,Pankaj,Singh,S
23I-0483,aashibiswas789,Aashi,Biswas,S
21I-0484,nitinagrawal123,Nitin,Agrawal,S
18I-0485,poojasharma456,Pooja,Sharma,S
19I-0486,ankitverma789,Ankit,Verma,S
20I-0487,riyagupta123,Riya,Gupta,S
22I-0488,rajatsingh456,Rajat,Singh,S
23I-0489,ishitajain789,Ishita,Jain,S
21I-0490,abhijeetsharma123,Abhijeet,Sharma,S
18I-0491,tanishasaxena456,Tanisha,Saxena,S
19I-0492,mohitverma789,Mohit,Verma,S
20I-0493,muskansingh123,Muskan,Singh,S
22I-0494,ankitajain456,Ankita,Jain,S
23I-0495,rahulgupta789,Rahul,Gupta,S
21I-0496,akankshaverma123,Akanksha,Verma,S
18I-0497,rajeshmishra456,Rajesh,Mishra,S
19I-0498,ishikajain789,Ishika,Jain,S
20I-0499,rohityadav123,Rohit,Yadav,S
22I-0500,komalsharma456,Komal,Sharma,S
23I-0501,pardeepgupta789,Pardeep,Gupta,S
21I-0502,shivaniverma123,Shivani,Verma,S
18I-0503,ananyabansal456,Ananya,Bansal,S
19I-0504,abhayshah789,Abhay,Shah,S
20I-0505,srishtimalhotra123,Srishti,Malhotra,S
22I-0506,arjunagarwal456,Arjun,Agarwal,S
23I-0507,anjaliverma789,Anjali,Verma,S
21I-0508,ashishsingh123,Ashish,Singh,S
yasminewhite@gmail.com,password51,Yasmine,White,A
zane123@hotmail.com,password52,Zane,Green,A
angel123@outlook.com,password53,Angel,Robinson,A
barbara123@yahoo.com,password54,Barbara,Young,A
calvin123@gmail.com,password55,Calvin,Collins,A
derek123@hotmail.com,password56,Derek,Hall,A
esther123@outlook.com,password57,Esther,Thompson,A
fiona123@yahoo.com,password58,Fiona,Wood,A
gerald123@gmail.com,password59,Gerald,Wright,A
hugo123@hotmail.com,password60,Hugo,Johnson,A
ivy123@outlook.com,password61,Ivy,Smith,A
jasmine123@yahoo.com,password62,Jasmine,Patel,A
kevin123@gmail.com,password63,Kevin,Taylor,A
leah123@hotmail.com,password64,Leah,Brown,A
max123@outlook.com,password65,Max,Davis,A
nina123@yahoo.com,password66,Nina,Martin,A
oscar123@gmail.com,password67,Oscar,White,A
paula123@hotmail.com,password68,Paula,Garcia,A
quentin123@outlook.com,password69,Quentin,Williams,A
rosa123@yahoo.com,password70,Rosa,Lee,A
steve123@gmail.com,password71,Steve,Harris,A
tara123@hotmail.com,password72,Tara,Clark,A
ursa123@outlook.com,password73,Ursa,Lewis,A
violet123@yahoo.com,password74,Violet,Young,A
wade123@gmail.com,password75,Wade,Walker,A
xenia123@hotmail.com,password76,Xenia,Hall,A
yvonne123@outlook.com,password77,Yvonne,Adams,A
zeke123@yahoo.com,password78,Zeke,Baker,A
aaron123@gmail.com,password79,Aaron,Thomas,A
blake123@hotmail.com,password80,Blake,Jackson,A
camila123@outlook.com,password81,Camila,Harris,A
dylan123@yahoo.com,password82,Dylan,Moore,A
elaine123@gmail.com,password83,Elaine,Anderson,A
francis123@hotmail.com,password84,Francis,Thompson,A
giselle123@outlook.com,password85,Giselle,Turner,A
howard123@yahoo.com,password86,Howard,White,A
iris123@gmail.com,password87,Iris,Gonzalez,A
joseph123@hotmail.com,password88,Joseph,Johnson,A
kimberly123@yahoo.com,password89,Kimberly,Wilson,A
leonard123@gmail.com,password90,Leonard,Hall,A
monica123@hotmail.com,password91,Monica,Thomas,A
nicholas123@yahoo.com,password92,Nicholas,Lopez,A
ophelia123@gmail.com,password93,Ophelia,Rivera,A
preston123@hotmail.com,password94,Preston,Young,A
quincy123@yahoo.com,password95,Quincy,Green,A
ramona123@gmail.com,password96,Ramona,Edwards,A
shane123@hotmail.com,password97,Shane,Hernandez,A
tiffany123@yahoo.com,password98,Tiffany,Clark,A
ulysses123@gmail.com,password99,Ulysses,Mitchell,A
valerie123@hotmail.com,password100,Valerie,Roberts,A
wayne123@gmail.com,password101,Wayne,Carter,F
ximena123@gmail.com,password102,Ximena,Jackson,F
yvette123@hotmail.com,password103,Yvette,Johnson,F
zackary123@outlook.com,password104,Zackary,Brown,F
allen123@yahoo.com,password105,Allen,Miller,F
bianca123@gmail.com,password106,Bianca,Davis,F
carl123@hotmail.com,password107,Carl,Garcia,F
danielle123@outlook.com,password108,Danielle,Martinez,F
ella123@yahoo.com,password109,Ella,Rodriguez,F
freddie123@gmail.com,password110,Freddie,Wilson,F
gloria123@hotmail.com,password111,Gloria,Lewis,F
hank123@yahoo.com,password112,Hank,Turner,F
isabella123@gmail.com,password113,Isabella,Wood,F
jeremy123@hotmail.com,password114,Jeremy,Hughes,F
kendra123@outlook.com,password115,Kendra,Parker,F
lucas123@yahoo.com,password116,Lucas,Green,F
melanie123@gmail.com,password117,Melanie,Phillips,F
norman123@hotmail.com,password118,Norman,Cook,F
olga123@yahoo.com,password119,Olga,Price,F
perry123@gmail.com,password120,Perry,Ward,F
quentin123@hotmail.com,password121,Quentin,Adams,F
rebecca123@yahoo.com,password122,Rebecca,Baker,F
sebastian123@gmail.com,password123,Sebastian,Fisher,F
theresa123@hotmail.com,password124,Theresa,Warner,F
uri123@yahoo.com,password125,Uri,Griffin,F
vanessa123@gmail.com,password126,Vanessa,Patterson,F
winston123@hotmail.com,password127,Winston,Cole,F
xena123@yahoo.com,password128,Xena,Barnett,F
yara123@gmail.com,password129,Yara,Dixon,F
zelda123@outlook.com,password130,Zelda,Simmons,F
arnold123@yahoo.com,password131,Arnold,Chapman,F
brittany123@gmail.com,password132,Brittany,Grant,F
chester123@hotmail.com,password133,Chester,Marshall,F
darlene123@outlook.com,password134,Darlene,Ross,F
edwin123@yahoo.com,password135,Edwin,Reed,F
fernanda123@gmail.com,password136,Fernanda,Butler,F
geraldine123@hotmail.com,password137,Geraldine,Day,F
hunter123@yahoo.com,password138,Hunter,Bell,F
ivanna123@gmail.com,password139,Ivanna,Cooper,F
jonathan123@hotmail.com,password140,Jonathan,Newman,F
kelly123@yahoo.com,password141,Kelly,Ford,F
louise123@gmail.com,password142,Louise,Price,F
mario123@hotmail.com,password143,Mario,Cook,F
natalie123@yahoo.com,password144,Natalie,Hughes,F
owen123@gmail.com,password145,Owen,Patterson,F
paige123@hotmail.com,password146,Paige,Griffin,F
randall123@yahoo.com,password147,Randall,Tucker,F
sylvia123@gmail.com,password148,Sylvia,Warner,F
tyrone123@hotmail.com,password149,Tyrone,Ford,F
veronica123@yahoo.com,password150,Veronica,Bell,F
